<?xml version="1.0" encoding="UTF-8"?>
<project-private xmlns="http://www.netbeans.org/ns/project-private/1">
    <editor-bookmarks xmlns="http://www.netbeans.org/ns/editor-bookmarks/2" lastBookmarkId="0"/>
    <open-files xmlns="http://www.netbeans.org/ns/projectui-open-files/2">
        <group>
            <file>file:/E:/Assignment%20PRJ301%20HE172209%20(thầy%20Sơn%20nt5)/Assignment_PRJ301_HE172209/LeaveApplicationSystem/web/view/dashboard/teamleader.jsp</file>
            <file>file:/E:/Assignment%20PRJ301%20HE172209%20(thầy%20Sơn%20nt5)/Assignment_PRJ301_HE172209/LeaveApplicationSystem/src/java/controller/GoogleLoginController.java</file>
            <file>file:/E:/Assignment%20PRJ301%20HE172209%20(thầy%20Sơn%20nt5)/Assignment_PRJ301_HE172209/LeaveApplicationSystem/web/view/auth/login.jsp</file>
            <file>file:/E:/Assignment%20PRJ301%20HE172209%20(thầy%20Sơn%20nt5)/Assignment_PRJ301_HE172209/LeaveApplicationSystem/src/java/view/dashboard/ViewDashBoard.java</file>
            <file>file:/E:/Assignment%20PRJ301%20HE172209%20(thầy%20Sơn%20nt5)/Assignment_PRJ301_HE172209/LeaveApplicationSystem/src/java/model/Role.java</file>
            <file>file:/E:/Assignment%20PRJ301%20HE172209%20(thầy%20Sơn%20nt5)/Assignment_PRJ301_HE172209/LeaveApplicationSystem/src/java/model/Employee.java</file>
            <file>file:/E:/Assignment%20PRJ301%20HE172209%20(thầy%20Sơn%20nt5)/Assignment_PRJ301_HE172209/LeaveApplicationSystem/web/css/responsive.css</file>
            <file>file:/E:/Assignment%20PRJ301%20HE172209%20(thầy%20Sơn%20nt5)/Assignment_PRJ301_HE172209/LeaveApplicationSystem/src/java/model/LeaveRequest.java</file>
            <file>file:/E:/Assignment%20PRJ301%20HE172209%20(thầy%20Sơn%20nt5)/Assignment_PRJ301_HE172209/LeaveApplicationSystem/src/java/constant/Iconstant.java</file>
            <file>file:/E:/Assignment%20PRJ301%20HE172209%20(thầy%20Sơn%20nt5)/Assignment_PRJ301_HE172209/LeaveApplicationSystem/src/java/controller/ControllerCreateApplication.java</file>
            <file>file:/E:/Assignment%20PRJ301%20HE172209%20(thầy%20Sơn%20nt5)/Assignment_PRJ301_HE172209/LeaveApplicationSystem/src/java/dal/UserDBContext.java</file>
            <file>file:/E:/Assignment%20PRJ301%20HE172209%20(thầy%20Sơn%20nt5)/Assignment_PRJ301_HE172209/LeaveApplicationSystem/src/java/controller/dashboard/ControllerDashboardTeamleader.java</file>
            <file>file:/E:/Assignment%20PRJ301%20HE172209%20(thầy%20Sơn%20nt5)/Assignment_PRJ301_HE172209/LeaveApplicationSystem/web/view/request/list.jsp</file>
            <file>file:/E:/Assignment%20PRJ301%20HE172209%20(thầy%20Sơn%20nt5)/Assignment_PRJ301_HE172209/LeaveApplicationSystem/web/view/dashboard/divisionsleader.jsp</file>
            <file>file:/E:/Assignment%20PRJ301%20HE172209%20(thầy%20Sơn%20nt5)/Assignment_PRJ301_HE172209/LeaveApplicationSystem/src/java/dal/DBContext.java</file>
            <file>file:/E:/Assignment%20PRJ301%20HE172209%20(thầy%20Sơn%20nt5)/Assignment_PRJ301_HE172209/LeaveApplicationSystem/src/java/controller/ControllerModifyApplication.java</file>
            <file>file:/E:/Assignment%20PRJ301%20HE172209%20(thầy%20Sơn%20nt5)/Assignment_PRJ301_HE172209/LeaveApplicationSystem/src/java/controller/ControllerListApplication.java</file>
            <file>file:/E:/Assignment%20PRJ301%20HE172209%20(thầy%20Sơn%20nt5)/Assignment_PRJ301_HE172209/LeaveApplicationSystem/web/view/request/review.jsp</file>
            <file>file:/E:/Assignment%20PRJ301%20HE172209%20(thầy%20Sơn%20nt5)/Assignment_PRJ301_HE172209/LeaveApplicationSystem/src/java/model/Feature.java</file>
            <file>file:/E:/Assignment%20PRJ301%20HE172209%20(thầy%20Sơn%20nt5)/Assignment_PRJ301_HE172209/LeaveApplicationSystem/src/java/controller/ControllerHomePage.java</file>
            <file>file:/E:/Assignment%20PRJ301%20HE172209%20(thầy%20Sơn%20nt5)/Assignment_PRJ301_HE172209/LeaveApplicationSystem/web/view/request/create.jsp</file>
            <file>file:/E:/Assignment%20PRJ301%20HE172209%20(thầy%20Sơn%20nt5)/Assignment_PRJ301_HE172209/LeaveApplicationSystem/src/java/model/User.java</file>
            <file>file:/E:/Assignment%20PRJ301%20HE172209%20(thầy%20Sơn%20nt5)/Assignment_PRJ301_HE172209/LeaveApplicationSystem/src/java/controller/dashboard/ControllerDashboardStaff.java</file>
            <file>file:/E:/Assignment%20PRJ301%20HE172209%20(thầy%20Sơn%20nt5)/Assignment_PRJ301_HE172209/LeaveApplicationSystem/src/java/controller/dashboard/ControllerDashboardDivisionsleader.java</file>
            <file>file:/E:/Assignment%20PRJ301%20HE172209%20(thầy%20Sơn%20nt5)/Assignment_PRJ301_HE172209/LeaveApplicationSystem/web/view/dashboard/staff.jsp</file>
            <file>file:/E:/Assignment%20PRJ301%20HE172209%20(thầy%20Sơn%20nt5)/Assignment_PRJ301_HE172209/LeaveApplicationSystem/src/java/model/GoogleAccount.java</file>
            <file>file:/E:/Assignment%20PRJ301%20HE172209%20(thầy%20Sơn%20nt5)/Assignment_PRJ301_HE172209/LeaveApplicationSystem/src/java/dal/LeaveRequestDBContext.java</file>
            <file>file:/E:/Assignment%20PRJ301%20HE172209%20(thầy%20Sơn%20nt5)/Assignment_PRJ301_HE172209/LeaveApplicationSystem/src/java/controller/auth/ControllerLogout.java</file>
            <file>file:/E:/Assignment%20PRJ301%20HE172209%20(thầy%20Sơn%20nt5)/Assignment_PRJ301_HE172209/LeaveApplicationSystem/src/java/controller/auth/ControllerLogin.java</file>
            <file>file:/E:/Assignment%20PRJ301%20HE172209%20(thầy%20Sơn%20nt5)/Assignment_PRJ301_HE172209/LeaveApplicationSystem/web/WEB-INF/web.xml</file>
            <file>file:/E:/Assignment%20PRJ301%20HE172209%20(thầy%20Sơn%20nt5)/Assignment_PRJ301_HE172209/LeaveApplicationSystem/web/homepage.jsp</file>
            <file>file:/E:/Assignment%20PRJ301%20HE172209%20(thầy%20Sơn%20nt5)/Assignment_PRJ301_HE172209/LeaveApplicationSystem/src/java/controller/ControllerApplicationReview.java</file>
            <file>file:/E:/Assignment%20PRJ301%20HE172209%20(thầy%20Sơn%20nt5)/Assignment_PRJ301_HE172209/LeaveApplicationSystem/src/java/model/Department.java</file>
            <file>file:/E:/Assignment%20PRJ301%20HE172209%20(thầy%20Sơn%20nt5)/Assignment_PRJ301_HE172209/LeaveApplicationSystem/src/java/controller/auth/BaseRequiredAuthenticationController.java</file>
            <file>file:/E:/Assignment%20PRJ301%20HE172209%20(thầy%20Sơn%20nt5)/Assignment_PRJ301_HE172209/LeaveApplicationSystem/src/java/controller/auth/ControllerAccessDenided.java</file>
            <file>file:/E:/Assignment%20PRJ301%20HE172209%20(thầy%20Sơn%20nt5)/Assignment_PRJ301_HE172209/LeaveApplicationSystem/src/java/controller/ControllerAgenda.java</file>
            <file>file:/E:/Assignment%20PRJ301%20HE172209%20(thầy%20Sơn%20nt5)/Assignment_PRJ301_HE172209/LeaveApplicationSystem/web/view/auth/accessdenied.html</file>
        </group>
    </open-files>
</project-private>
